<?xml version="1.0" encoding="utf-8"?>
<Application xmlns:xsd="http://www.w3.org/2001/XMLSchema" xmlns:xsi="http://www.w3.org/2001/XMLSchema-instance" Name="fabric:/rulesengineservice_latest" xmlns="http://schemas.microsoft.com/2011/01/fabric">
  <Parameters>
     <Parameter Name="Service_InstanceCount" Value="-1" />
<Parameter Name="AppInsightsInstrumentationKey" Value="334b8744-f178-4d18-915c-5ae82cd9bec1" />
<Parameter Name="EnableAppInsights" Value="true" />
<Parameter Name="CacheVaultUrl" Value="https://usw2-prod-aic-hb-74.vault.azure.net/" />
    <Parameter Name="CacheClientId" Value="581910ae-6ea7-4da1-985d-e422200c7ff7" />
    <Parameter Name="CacheClientSecret" Value="gRTffJ31DMmEKVnsWvGv/Q/W8TQXISH/KUaYlodp7O4=" />
  </Parameters>
</Application>






