<?xml version="1.0"?>
<doc>
    <assembly>
        <name>Apttus.RulesEngine.Service</name>
    </assembly>
    <members>
        <member name="T:Apttus.RulesEngine.Service.SwaggerConfig">
            <summary>
            
            </summary>
        </member>
        <member name="T:Apttus.RulesEngine.Service.RuleEngineService">
            <summary>
            The FabricRuntime creates an instance of this class for each service type instance. 
            </summary>
        </member>
        <member name="M:Apttus.RulesEngine.Service.RuleEngineService.CreateServiceInstanceListeners">
            <summary>
            Optional override to create listeners (like tcp, http) for this service instance.
            </summary>
            <returns>The collection of listeners.</returns>
        </member>
        <member name="M:Apttus.RulesEngine.Service.Program.Main">
            <summary>
            This is the entry point of the service host process.
            </summary>
        </member>
        <member name="T:Apttus.RulesEngine.Service.Startup">
            <summary>
            
            </summary>
        </member>
    </members>
</doc>
